1,ec84481f-67da-4202-a560-8bf6ab7ba9f4,"你好，我是java工程师yunhan,我想要一份java简历，但是我不知道该怎么写,政治敏感",2025-09-04,USER
2,88bb0acc-0983-4b5f-8012-d4045c41b770,"你好，我是java工程师yunhan,我想要一份java简历，但是我不知道该怎么写,政治敏感",2025-09-04,USER
3,88bb0acc-0983-4b5f-8012-d4045c41b770,"{
  ""title"": ""yunhan的简历修改建议报告"",
  ""suggestions"": [
    ""请提供您的学历背景，包括学校、专业和毕业时间。"",
    ""请补充您的工作年限及所在公司的主要业务或行业。"",
    ""请描述您参与过的重点项目，包括项目职责、使用的技术栈及取得的成果。"",
    ""是否有任何技能认证（如Oracle Java认证、AWS认证等）？"",
    ""请说明您期望的岗位方向，例如后端开发、架构师、技术管理等。"",
    ""是否计划申请特定公司或行业？请提供相关信息以便优化匹配度。"",
    ""请补充您的技术技能详情，例如熟悉Spring Boot、微服务架构等。"",
    ""是否需要强调团队协作、领导能力或其他软技能？"",
    ""请提供简历格式偏好，例如时间顺序型、功能型或混合型。"",
    ""请确认是否需要规避某些敏感内容或强调特定关键词以符合规范。""
  ]
}",2025-09-04,ASSISTANT
4,d9216bb9-16df-4999-a6ac-900e4a4f6ab5,"你好，我是java工程师yunhan,我想要一份java简历，但是我不知道该怎么写,*****",2025-09-04,USER
5,d9216bb9-16df-4999-a6ac-900e4a4f6ab5,"{
  ""title"": ""yunhan的简历修改建议报告"",
  ""suggestions"": [
    ""提供您的学历背景，包括学校、专业以及毕业时间。"",
    ""描述您目前的Java开发经验，包括工作年限、主要开发项目及所用技术栈。"",
    ""明确您的目标岗位，例如是后端开发工程师、全栈工程师还是其他相关岗位。"",
    ""列出您掌握的核心技能，例如Spring Boot、微服务、数据库技术等。"",
    ""补充项目经历，包括项目规模、您的角色、职责以及取得的成果。"",
    ""如果您有参与过开源项目或获得相关证书，请一并提供。"",
    ""说明您的语言能力（如英语或其它语言）和协作能力等软技能。"",
    ""如果需要，可提供希望的简历格式（例如：经典、创意、极简等）。"",
    ""告知简历是用于求职、跳槽、内推还是其他用途，以便针对性优化。"",
    ""如果有具体的职业目标或期望行业，请分享以帮助更好地定制简历。""
  ]
}",2025-09-04,ASSISTANT
